0xe12031d5dca200e049d64046ca93dab590ebc593,COCOS,29509598.25
0xe12031d5dca200e049d64046ca93dab590ebc593,COCOS,29518.14
0x2ae560d62d90440631c7c44ac1ba671af2588184,COCOS,28745420.00
0x2ae560d62d90440631c7c44ac1ba671af2588184,COCOS,28753.74
0x3f5e3a73acbeacce146ebc348aed8ab2faf6d17d,COCOS,22996338.75
0x3f5e3a73acbeacce146ebc348aed8ab2faf6d17d,COCOS,23002.99
0xf607edf80cefc9ec3a3286e7bdb8689271dc5285,COCOS,21774.51
0x6a086a4e2a471f0dc102942bb2d2ba275b4451a9,COCOS,21175000.00
0x6a086a4e2a471f0dc102942bb2d2ba275b4451a9,COCOS,21181.13
0x216fcc8681c9988e566ce5839193bb4563bcd9f2,COCOS,21111538.47
0x216fcc8681c9988e566ce5839193bb4563bcd9f2,TOMO,94477.85
0x216fcc8681c9988e566ce5839193bb4563bcd9f2,COCOS,21117.65
0xd80d6ba288aaf025ec92c6d954e7c0aecb3e4156,COCOS,20889864.07
0xd80d6ba288aaf025ec92c6d954e7c0aecb3e4156,COCOS,20895.91
0x1197507de3ba3bd106d01bc23854d50a5625f448,COCOS,20593.61
0x1197507de3ba3bd106d01bc23854d50a5625f448,NU,20014.82
0x1197507de3ba3bd106d01bc23854d50a5625f448,MANA,11940.34
0x2c2bee6f80e922b83487150865f4d0caf9fc1c8f,COCOS,19977839.75
0x2c2bee6f80e922b83487150865f4d0caf9fc1c8f,COCOS,19983.62
0x4f637a4c2b3911f927e0f15fde3b7228c611e7ec,COCOS,19609354.39
0x4f637a4c2b3911f927e0f15fde3b7228c611e7ec,COCOS,19615.03
0x1156cbbf6a6ebf61118e49e0039981a8e6ba90ad,COCOS,18979992.30
0x1156cbbf6a6ebf61118e49e0039981a8e6ba90ad,COCOS,18985.48
0xd84b89d77d9a9765ad8be691c6d951ca1c414942,COCOS,18197767.50
0xd84b89d77d9a9765ad8be691c6d951ca1c414942,COCOS,18203.03
0x36713df978189aac22c71d94d28bd3d9b4ffedca,COCOS,18150000.00
0x36713df978189aac22c71d94d28bd3d9b4ffedca,COCOS,18155.25
0x5fdb013ec7665a60c8649c94dcb744a47ad60e34,COCOS,17170243.68
0x5fdb013ec7665a60c8649c94dcb744a47ad60e34,COCOS,17175.21
0x8b65c55b6e2a3768e94b0c7a7f78eebbc7f53d72,COCOS,17096255.00
0x8b65c55b6e2a3768e94b0c7a7f78eebbc7f53d72,COCOS,17101.20
0xe436115aa131876deb77627ae01a5ff1a8046a7f,COCOS,16520825.97
0xe436115aa131876deb77627ae01a5ff1a8046a7f,FTM,1429843.48
0xe436115aa131876deb77627ae01a5ff1a8046a7f,MX,138500.00
0xe436115aa131876deb77627ae01a5ff1a8046a7f,COCOS,16525.61
0x8756f96058c6b2f09462527d3fcac867f627de74,COCOS,16492851.29
0x8756f96058c6b2f09462527d3fcac867f627de74,COCOS,16497.62
0x38e5a6c74a130fa687f326f2ac363fce18b8fa3e,COCOS,16119.66
0x99ae160231c9a040b6fec8d5043b79963fd341b0,COCOS,15842475.00
0x99ae160231c9a040b6fec8d5043b79963fd341b0,COCOS,15847.06
0x0ed4a4792b318d5b3d21475d64dbe71f65802664,USDT,27415.20
0x0ed4a4792b318d5b3d21475d64dbe71f65802664,COCOS,15736.15
0x0ed4a4792b318d5b3d21475d64dbe71f65802664,AERGO,14063.28
0xef19ac8db3e2f7171edf5a90f31667edcd357c10,COCOS,15060642.32
0xef19ac8db3e2f7171edf5a90f31667edcd357c10,COCOS,15060.64
0xb58441e4cb78b57adfc18427bc31c105d3dc2497,COCOS,14348.08
0x4299cd8c0f205d7ea8a2efdb771953235b789bc3,COCOS,14262.46
0x4299cd8c0f205d7ea8a2efdb771953235b789bc3,HT,10481.09
0xcf7e13912c3f1fe0ea1222929c71baa4b46e417b,COCOS,14019.48
0xdb607b7ba354a79963de0bd19391d0f39514939d,COCOS,13943354.04
0xdb607b7ba354a79963de0bd19391d0f39514939d,COCOS,13943.35
0x88e9cd7e4756141e2f0baba12f463d455ef260a9,COCOS,13810.87
0x0f7803e3bbbd9992e1c3a8bb18ba8980b8744023,COCOS,13436571.35
0x0f7803e3bbbd9992e1c3a8bb18ba8980b8744023,COCOS,13436.57
0xf9fe519a29101ab295ef2ec23902a959ff397b2d,COCOS,13394895.65
0xf9fe519a29101ab295ef2ec23902a959ff397b2d,COCOS,13394.90
0x35683335c8ed6a64d61a12c3a46175a10066c71b,COCOS,12859524.67
0x35683335c8ed6a64d61a12c3a46175a10066c71b,COCOS,12859.52
0x4e12a8353d94b10587187cf02d8e7fcf2547c5eb,COCOS,12703783.91
0x4e12a8353d94b10587187cf02d8e7fcf2547c5eb,COCOS,12703.78
0x777810e0e8c4b77ccd05e19c769aa61720f50f30,COCOS,12534021.40
0x777810e0e8c4b77ccd05e19c769aa61720f50f30,COCOS,12534.02
0x8e5f8dbe88db9db6dd8b68c3faf1b2cdc029682a,COCOS,12102690.34
0x8e5f8dbe88db9db6dd8b68c3faf1b2cdc029682a,COCOS,12102.69
0xd54beaf9c44923afdec9bdd0ec331e8b8cdaa810,COCOS,11902441.48
0xd54beaf9c44923afdec9bdd0ec331e8b8cdaa810,BTR,130316.56
0xd54beaf9c44923afdec9bdd0ec331e8b8cdaa810,COCOS,11902.44
0xb21de9b33962ed1b5c6b504822283eef31a86d8a,COCOS,11890007.20
0xb21de9b33962ed1b5c6b504822283eef31a86d8a,COCOS,11890.01
0x3acb5eaecfab99d01e86f7068ae7b90479fb50e9,CHZ,39887.61
0x3acb5eaecfab99d01e86f7068ae7b90479fb50e9,xSUSHI,35801.98
0x3acb5eaecfab99d01e86f7068ae7b90479fb50e9,OCEAN,33555.83
0x3acb5eaecfab99d01e86f7068ae7b90479fb50e9,STORJ,31299.45
0x3acb5eaecfab99d01e86f7068ae7b90479fb50e9,RLC,28208.49
0x4adfef00028bd13e9e58ce11f7cb186387621dac,COCOS,11601890.39
0x4adfef00028bd13e9e58ce11f7cb186387621dac,COCOS,11601.89
0xd80968774c928010ef53758daf5063a3d5c31185,COCOS,11445346.61
0xd80968774c928010ef53758daf5063a3d5c31185,COCOS,11445.35
0x0b07d96a63d60a52f96f9e3435aca7745208b602,COCOS,11101.15
0xfa96c050be5c78a876876d6f27cd105ab44d3f26,COCOS,11009238.80
0xfa96c050be5c78a876876d6f27cd105ab44d3f26,COCOS,11009.24
0xc64bb194335ca87e0378b03863a26d958c27fe9f,COCOS,10568871.80
0xc64bb194335ca87e0378b03863a26d958c27fe9f,COCOS,10566.23
0xa8b418a453721fbb543e9537a79dbaca4a2f47f7,COCOS,10555193.04
0xa8b418a453721fbb543e9537a79dbaca4a2f47f7,COCOS,10555.19
0xd844b4fbb8e282082358ab649e07724e6d3f39f3,COCOS,10304650.01
0xd844b4fbb8e282082358ab649e07724e6d3f39f3,COCOS,10304.65
0xfa3d3b2a2b0dbd7d3e6d59dacd03b05d5aa3dcc9,COCOS,10040428.21
0xfa3d3b2a2b0dbd7d3e6d59dacd03b05d5aa3dcc9,COCOS,10040.43
0xe1a056c1c9d42a7f26292a3a89b7076baf81c350,COCOS,9898276.89
0x0c82b2cfdfb7044cc1566b9c57239cf1ef948b70,COCOS,10230000.00
0x1df1427f179137acba7612dd5641931bb974a74e,COCOS,8982336.00
0x935d11050c3a6ec573c0d32c06c6710903865eb5,COCOS,8899420.75
0xd973ed5e8fcf9bac9007012dbaef11e0c40a8f60,COCOS,8797687.25
0x653cfa88c34da1f55a3dbe3343e8e312f594f33a,COCOS,8726520.00
0x5602fc658397dd0ac72e80cbe9a97b1f5e79474c,BNT,28470.87
0x158869a7951b790eef11dd77ae40e1bcb0b7dfcd,COCOS,8707314.00
0xec8fa63bb54fd7000e4b9e786df442c534fc50fb,COCOS,8562258.46
0x2977ea329d8715837e7c479723800dbe19c60eb4,CVNT,107687.85
0xd89347baa59174c0535cbfa52c80c3ff9ebdb78a,COCOS,8250008.25
0xe8254962de78c2c5af74083829f55c003f01e2c6,COCOS,8250000.00
0x245de46abeafdd03f06bd18767db5f2feb15bd47,COCOS,8159712.00
0x370ff1d833214dae4584fecaa18f3d591193832b,COCOS,8113157.25
0xb13286cc2d0e4f0b1b1829048c128337bf1dab60,COCOS,1345611.93
0xb0c70403ece7adff8e43536167ba7e573530e894,COCOS,7759127.75
0xf67eafb5523a83fc80ad876bf70677a6e3d88a05,USDT,12050.10
0xa1193a31e782abddd8075a3f7bec00fadc12df27,GLCH,27692.15
0xa1193a31e782abddd8075a3f7bec00fadc12df27,SAND,25551.97
0x8a6ba9775a5dfa8ae91a751c0819d5703a375954,COCOS,7722000.00
0xef856b2a595c6a56d9bc3afbc70e0c689f78d2a3,COCOS,7689979.52
0xfbe333766f378b02323702e04b3d8969cdbceb51,COCOS,7458000.00
0x03f0fd6cf724d744fe2656ffbacf359a5d38fc5d,COCOS,7210967.33
0xaae470745ffccc1c744466d0b335cd273d910334,COCOS,7028737.58
0x26e8367323c6f38d30ff66e964e9bc2be80afbac,COCOS,6878332.69
0xd885957adfdc51df0c3ab9a0a9efd6b02c127873,COCOS,6725000.00
0x428d7d06ee536218124d8150d2c8886d97ec07e0,COCOS,6725000.00
0x2a12912c85d9d683041b631000bf225c318f3867,COCOS,6620091.11
0xb0cf943cf94e7b6a2657d15af41c5e06c2bfea3d,XIN,204946549.79
0xb0cf943cf94e7b6a2657d15af41c5e06c2bfea3d,UNI,6864415.56
0xb0cf943cf94e7b6a2657d15af41c5e06c2bfea3d,USDT,4267587.32
0xb0cf943cf94e7b6a2657d15af41c5e06c2bfea3d,CANDY,2727475.37
0xb0cf943cf94e7b6a2657d15af41c5e06c2bfea3d,MANA,703150.94
0xb0c08309ae52d98520294154b358160f4f1cccb4,COCOS,6476230.39
0x85aa62ae1220b1e0322f50f9c262f80c1eecfeb4,COCOS,6358218.50
0xa24be702e901f89c190b3ef242cd63b6d7d79292,COCOS,6218042.60
0x95090a7a7063d4039f6ec4a347ddc548b7e05644,COCOS,6215527.80
0x68d746f7c3a21504cb100b37d4e1f6383c95b4c5,COCOS,6215527.80
0xbdce8dcc30640cc3279a021523873c12e6df6e6c,COCOS,6207691.80
0xb53c40bdd94c9ccdb0bc7fd61f6751107cf752a1,COCOS,6081710.71
0xf9238908f44559a20b992d0dbd8a1b1311350be3,COCOS,6079400.00
0x0f1acf06e79595c3dcdcbe0fd32c8e354423f21f,COCOS,5978862.89
0x59a5208b32e627891c389ebafc644145224006e8,CHZ,33703.59
0x59a5208b32e627891c389ebafc644145224006e8,CL,31032.55
0x59a5208b32e627891c389ebafc644145224006e8,AAVE,28860.51
0x7d032f9eb4ff16548158ef8c6470986e16eb4c33,COCOS,5649000.00
0xc74f513917282288ee6cdbe68d6b6960b0cd7169,GAP,87964.10
0xc74f513917282288ee6cdbe68d6b6960b0cd7169,ELI,75045.98
0xc74f513917282288ee6cdbe68d6b6960b0cd7169,$ANRX,62671.48
0x8dd34390c06c89e8215a57f92a052135f0af0dbb,COCOS,5461594.45
0x1c0cdf609bd289ff9237c0af6c2f8b40891d1dd7,CELR,15106.93
0x1c0cdf609bd289ff9237c0af6c2f8b40891d1dd7,OMG,12003.96
0xd96eaba8e5b73ea202856b85b2df43b7ac726491,COCOS,5292035.32
0xf2356e7314228b640675bc07fb8370db2761c796,COCOS,5285890.33
0x56478cc63e69eed964793d1d822793acaf2ee6f2,COCOS,5098794.93
0x4d5bd1b7925691ef35bf824d38b74c0aef7c324c,COCOS,5097677.69
0x225a31ba0c65571b833115d6b5a6cb44430f777b,COCOS,4974434.08
0x89d19f5d6dcc923241c74cf3d1b8ca6d568634e9,COCOS,4756506.50
0xf14645a5ff15c91c5cf7d5614ae21eae302079e1,COCOS,4720950.00
0xff3e978bc7c372d676f4c3e2d02ae5e753361d0c,COCOS,4700047.62
0x17797e79fce016c36fbc383fc578f2dfa8a4cc20,COCOS,4649048.99
0xfc9453ee42d1a5bd29a00e193f356e47f1f7bce5,COCOS,4475180.01
0x9808bce7729bd9ffa4551c6179903bda6ca82f45,USDT,19984.16
0xb3d5c0d1566c8b9e862b6342c664726b5a0066e5,COCOS,4421380.01
0xb3d5c0d1566c8b9e862b6342c664726b5a0066e5,USDT,101000.00
0xf44ca2d5c5c859dacb11f6b60e19ef74f4d3439a,NAOS,13802.67
0x90c8be0e24d1c119d7f3cfb160902096c0144ebf,COCOS,4320549.60
0xd7f5fae25ef2b7a08ec9fa0655b0837c395e1aba,COCOS,4131895.67
0xd84d08abbff26a2ad672a26b1b0fbfede4166d63,COCOS,4129693.38
0xc60209fceaf1104ae4ba957344768b9a423d1b77,COCOS,4054329.28
0x0d97326a507d7f7bad3bdc2c63944aff9dbca21d,COCOS,4035000.00
0x4b2a03d01cce860c330b4fbcd3c8d43374174d09,COCOS,4001590.20
0x38ec8e93422a5235d574b9f65e36a6e47645fc5a,COCOS,3984625.68
0x238584a2136888180ac1b3f9c17bc93143880fc0,COCOS,3947607.82
0x9851e0078c9d340887dd0b5902864711d0189c48,RFOX,11757.31
0x3d1a5d3109b114a575bea0978ab1611f796b9008,COCOS,3743180.32
0xf9c99e2557ddd6971563ff317cbb39319a2ef8f5,COCOS,3743180.32
0xf9c99e2557ddd6971563ff317cbb39319a2ef8f5,eMax,82767.94
0xf9c99e2557ddd6971563ff317cbb39319a2ef8f5,AIDI,14147.50
0xd7a776882e6ac0ce95ffee013fd3f80046df7c11,COCOS,3703986.90
0xd7a776882e6ac0ce95ffee013fd3f80046df7c11,HBTC,619893.19
0x5852c8973ac167267d3cd60361a0196ecb3913aa,COCOS,30642808.23
0x5852c8973ac167267d3cd60361a0196ecb3913aa,DT,16523120.00
0x5852c8973ac167267d3cd60361a0196ecb3913aa,USDT,49948.73
0x5852c8973ac167267d3cd60361a0196ecb3913aa,MANA,48346.32
0xd693c7df71c8570d577e142ac889f1081ef5cded,COCOS,3569940.00
0x0df19c78eccaa1d03ff8bfa47bf60bb2a5a2301d,COCOS,3415758.12
0x6fee083d324e2ec10573de35a6fa4a40039f553b,COCOS,3402340.20
0xb9772bdfe2e2630bfe747bd594003be514712cd8,COCOS,3240000.00
0x11ec3ac7aa794b4cbf77e308fde2fd94567f6106,COCOS,3134552.25
0x72ccadbd6933a27f307da956e9d4e155c62b552d,COCOS,3080331.26
0x3176f330533f88d1cf300f2ebeadde28495656cf,ZKS,1153221.59
0x3176f330533f88d1cf300f2ebeadde28495656cf,TARA,363411.83
0x3176f330533f88d1cf300f2ebeadde28495656cf,USDT,206016.53
0x1e9988a64c0bbe5ea6795d2dec664f2371883e47,COCOS,3034893.95
0x737c21e82e1c3f99f8b6d844fce9c74d0ac4d805,HOT,143786.25
0x95850328149049d2df4a7034639954588b46ad5f,IOST,4355593.44
0xe037992d79a2309a10485da04954bc6f11078aa8,COCOS,2799216.60
0xe037992d79a2309a10485da04954bc6f11078aa8,HOT,164143.15
0xe037992d79a2309a10485da04954bc6f11078aa8,CELR,45016.29
0xd09163b4d874491e55e9ab59bdbbe4804cbb81f1,HOKK,375897676.29
0xd848263cde7ebd3b590ed80e18e90af7de41ba22,COCOS,2692078.76
0xcefc52073d98c549cfb708b0cb431fc1325d7bf4,COCOS,2687743.35
0xa6b2ddf74989752ec577baaa5886a9b3428e83e4,COCOS,2687743.35
0xf7aab787787631d5d180b54b83747e6654e8f6b6,ENJ,27053.26
0xf7aab787787631d5d180b54b83747e6654e8f6b6,MATIC,22762.07
0xf7aab787787631d5d180b54b83747e6654e8f6b6,PRO,17563.46
0xf7aab787787631d5d180b54b83747e6654e8f6b6,USDT,16292.92
0xf7aab787787631d5d180b54b83747e6654e8f6b6,FTM,12994.42
0xd987d72380112209e206b2ebbdfe12b2c857082b,COCOS,2659968.75
0x0a94e8c8905b10f3145e01696debef3c2a97db84,COCOS,2657100.00
0x7458ce221e05ffee27eb7dba0984c6ca63a780cb,COCOS,2652492.15
0x147c74d0a0cb0f2150b42c67006f3c44fa7830e4,COCOS,2652492.15
0xd875f1bf2443743b952f9fbed1811bd13f5b0588,COCOS,2586187.86
0x5b324ffecbe7cbbb95d4b6cdd861ac1d3b51ebe0,COCOS,2582107.86
0xd94a5eef38fc942759c6ab25016c4d913404868a,COCOS,2551275.00
0x6c3281cafa1b4fcfd234746b1c13f0e4c0a17baf,ENJ,34562.38
0xd8504521dfe6d5384beb3fede7947fe131db7c36,COCOS,2550000.00
0x3310b3ab837100a491e7bf369425dfb508082e52,COCOS,2550000.00
0x78ddab7ef6cae4ae4f19e839de2b7e195ad90c66,COCOS,2458368.42
0x8b76ff457e2966e067d09c70367a9013c72021c5,COCOS,2356748.58
0x17e1c0ad56e5fcca1379e0d0cdfc2c2b2a1a98a7,COCOS,2258121.70
0x69b028a2cc45a205a2ecab9fa380977cee7606af,COCOS,2257208.43
0x69b028a2cc45a205a2ecab9fa380977cee7606af,BAT,18864.21
0xfcad2aada7647514a5829bf552a44c2fce7da7fc,COCOS,2257208.43
0x44e50507d448c0f54f17c1825f32f9ce57f68a31,COCOS,2254182.39
0x325ca5190ae5f3566566990f6a02c782c587e51c,COCOS,2222426.12
0x8d828f33cdbe551a4d8b4203295dce21a20a712d,COCOS,2207772.76
0x7024439bb48d21fa7cb98cd619f0335e73e5b05d,MASK,21134.16
0x15821337d0f67b36095e74319797e8abdcc3bc91,COCOS,2166811.74
0x3b18fa66932cc9befe39962dfce20d06a5a1b907,COCOS,2116989.10
0x26be7a36d13b62d11cdaff44ff44b3019103bb60,FEG,12513.59
0xca6063a32330f26a564220cf4730eb666c347fb7,COCOS,2087703.14
0xc70b894a68013986465ae3370ceb76af38af5638,COCOS,2032311.00
0x6be3762f0681c125d106e1c2a59df838b6f2e0de,COCOS,2031487.60
0xaab583e35b8819ba4b5bc90dae0fdeeae43b35a1,COCOS,2023856.50
0xfa2d205ac73a4e4d379c70fa6a54acc13aaf6af0,SHIB,35408.56
0xfa2d205ac73a4e4d379c70fa6a54acc13aaf6af0,FNB,13709.91
0x5db52c0884ee38511bb84087d8eec7b0859a9343,COCOS,1976037.34
0xc8ea17b0c65ac3492edecf4fc6febf941a0fc5fd,AUDIO,13562.79
0xc8ea17b0c65ac3492edecf4fc6febf941a0fc5fd,MATIC,10399.54
0x0346185762a0790df1ddad916823044f2f191694,COCOS,2007099.60
0xda230dd23daa44d8522c7295f0770ae173f65a76,GCX,452652.90
0xda230dd23daa44d8522c7295f0770ae173f65a76,KICK,33900.04
0xda230dd23daa44d8522c7295f0770ae173f65a76,HUSL,22794.51
0xda230dd23daa44d8522c7295f0770ae173f65a76,KAM,22117.86
0xda230dd23daa44d8522c7295f0770ae173f65a76,XDB,13579.49
0x209217416cbc361edcae62c8252094a5a7568898,COCOS,1973400.00
0x06797220da6d1dad766d14b289a09f01355947c3,COCOS,1927646.96
0xda533a884d84c822ca405e5e27be68abc3b97e00,SKL,12642.99
0x38f416ffb373e8f815aec258bb529f6525363b4f,COCOS,1903794.64
0x669e96d4647a299232b3ede26974dcfbbdde48d4,COCOS,1897500.00
0xd47d5a73bb529785c4e18684cbc429f140fa5761,COCOS,1894034.41
0xd47d5a73bb529785c4e18684cbc429f140fa5761,ENJ,35775.43
0x7478d485dc7141cfcd55538af2ea50205caefe18,HOKK,93670689910.25
0x0d0aca99686fced8e6fb39134aaed96f09b5283c,COCOS,1865875.00
0xa58f50f8aa889e91b13341f6df4cfdf5cbb6d09a,COCOS,937905.24
0x68842ccd38fac9a4f79606efffcf9e8bad7bd3e7,SUPER,1067458.86
0x68842ccd38fac9a4f79606efffcf9e8bad7bd3e7,REEF,303144.43
0x68842ccd38fac9a4f79606efffcf9e8bad7bd3e7,SHIB,121235.48
0x68842ccd38fac9a4f79606efffcf9e8bad7bd3e7,STORJ,85740.55
0xb9fb49d261177e0c531be6643586ce3b674f1bee,COCOS,1745700.00
0x91e67ab4c0744e655ed72f2333c180192f3322a6,COCOS,1740804.45
0xfa63216dc3e209ed641974f0a861c4f70b28835c,COCOS,1737351.00
0x95a90aaebb06a2a5bffec375f810a97f48c53638,COCOS,1695100.00
0xc312b4a35ebf6711df572a8aef15b20a6743bf52,COCOS,1681225.25
0xb34e76e959f542f7da82adf4fd3e7799ad630146,stETH,10729.08
0x3158f655f390e45ab7b14e6620a75aa3559119c2,COCOS,1672583.00
0xd8aaedadf52bdc4833bdc58bd323b32237429936,COCOS,1672330.00
0xc0b9791a3727f391315c31cce79796421f85bbf8,FTM,96283.33
0xc0b9791a3727f391315c31cce79796421f85bbf8,ELON,34713.32
0xc0b9791a3727f391315c31cce79796421f85bbf8,MANA,31351.07
0xc0b9791a3727f391315c31cce79796421f85bbf8,OMG,17232.43
0x9f71c02584086a8bbfc7518f7de2d416ab06d1db,COCOS,1535023.96
0x61453fcbc1a8bdcea45a4a26d87161c4bd37f01d,COCOS,1534385.70
0x9a5b2219d64901ce3aff51dfbef2bda4da941584,COCOS,1534309.11
0x3d96a5f79b1180831cfb1b1ba50f97943ac09c97,COCOS,1531832.65
0x56cd58784ccca8cb30e4c35465b2b4be17b4d0da,COCOS,1531832.65
0xc0770f1f060768d2dcb55b643303fca6149a4e9d,COCOS,1486223.84
0x7739eebe1dbe4c9717282add8e656d0b6469572c,COCOS,1474388.92
0xba3825558dc67e444b135a96fdcd0fd4ac9a86ab,COCOS,1467024.89
0x7524d5c88e72a40b688510b83bf0b5779ea7d0db,DYDX,62525.57
0xd6d26c83d58b2a1b7e827a4313fc07c02dc4eed4,COCOS,1531832.65
0x640de4dcce1ae4cd37f4f7aabd7583bf62b8f226,COCOS,1433710.52
0x4bda58c45225b8a4ae287637b1ecf59fb9c80fdc,COCOS,1415784.14
0x1c099842a659d24de855c024472b8283aa171801,COCOS,1412605.00
0xeb08bfdd15256c54e57135f2e807b9de3832d326,COCOS,1347500.00
0x722c2c4a153ebcf702f7ff2ca22a6e5bbb485273,COCOS,1347500.00
0x0e2092e4fddbb0ee6c9a96a0835d56c1c1b6fcbd,COCOS,1335250.00
0xcdd57c78fa9b5af6cfbe468f9e0ccd1daac5bfdc,COCOS,1292769.45
0xbb7e5d87358730aad9767dffbd71a82f5992f158,HBTC,62130.87
0xe3590193ad10e4010e77dc2e8e0d260a6b083458,COCOS,1282129.84
0x3d39184bcca7adecd057e6d89d523909c77bbfef,COCOS,1280983.91
0xa4747dc59553da4f807ffae6ff515f38412990ae,COCOS,1274235.20
0xab71cd09b08e89ecdbdb3a4cfa8cade16ca85966,AUDIO,11350.47
0x9f52ded0c2236217dc7e1f99d8b1463b5c61dc13,COCOS,1246185.15
0x540e3041fba417da3ed30620b4decb69bf50e892,COCOS,1238881.16
0x428e92c022f1e01e48f6d0615158d52ba1344377,COCOS,1238464.36
0x5e92c661d674956c2cbd903519194df2cae25cb2,COCOS,1235093.94
0x5e92c661d674956c2cbd903519194df2cae25cb2,BAND,11189.60
0xa7994a0f9ac093c18c11ed0469a2730b253db84f,COCOS,1225950.60
0xda023abfd68354cc84a8d8f640f55b187d247374,COCOS,1225000.00
0x122fd05c9fe13ff3b3cc40dfa0f6a8e7aaa07318,COCOS,1225000.00
0x3de3a750c0ad01a32198620f8fd07fdfe626e2e6,COCOS,1213191.00
0x980603f1f12c8877a6ce1b963bb0d4a3a68fae88,COCOS,1192569.35
0x90b9d48d9dc923f7ffe4c056176b53f69dfa018f,HOGE,128502.37
0x90b9d48d9dc923f7ffe4c056176b53f69dfa018f,KISHU,98271.81
0x90b9d48d9dc923f7ffe4c056176b53f69dfa018f,POSS,16015.14
0x0d2d12e23f728fb2e036ea737c3509899a718875,COCOS,1166797.68
0xb9a87b5b9ebdae324588129bd6d56751443c6a62,COCOS,1166797.68
0x2846911be7630e9854222bdeb3e826ed5816c682,ONE,41568.71
0x2846911be7630e9854222bdeb3e826ed5816c682,ELON,35700.82
0xc34fa5479df34f2a4dbfdd6e555f838178e47ac1,COCOS,1137277.68
0x5fcef4f706fab4c5987ea0a000ca17f0e076df9c,COCOS,1137277.68
0x540c208386292b27f2a9bce7147f09b27c71dab0,COCOS,1137277.68
0xca931d6cd984f2d1c514b1668237aae463e2dbc6,COCOS,1136817.73
0xc4030a591dde04383e2fe8394507bc648d61b91e,COCOS,1136817.73
0x8de9a649cd27f5efd503e8c61e4f0738b0382fe3,COCOS,1136817.73
0xfd0611770471da5421faafc04b042e36e356dc89,COCOS,1136817.73
0xd8708ca5fc8777908ae937f482938ab0c6f418cd,COCOS,1136817.73
0xbe0c6312406f886f6e63e1210063c4b695d81cb5,COCOS,1136817.73
0x89ba486a5f01c01a99a4a8acef090043f8755c28,COCOS,1136817.73
0xa5d087a63bea0a0fb9dda4418c74c9c305cfff80,COCOS,1136817.73
0xd648905df8988e8e4b084face1735b34c4c5ed5f,COCOS,1136817.73
0x34749ba4f713de4d90a114b4facc48e80b1978a1,COCOS,1136817.73
0xcfdcb0ff11027b9a11e888372de131dac3cb4aee,COCOS,1126192.95
0xfdb1760ce87c93010b90305cb43b57fa3fe237ab,COCOS,1101527.92
0x92d3b6876f382eae887804267ef06da6140eeda8,COCOS,1096653.90
0x37e16d25824c1dbbeeb57bcad6c8e7ddffa7e608,COCOS,1096653.90
0x4aa316de21d6faf626efbaf89e2132acad72a692,COCOS,1095016.23
0x5f3840f4f7c9e0e80a2e7382517724ec1049f13f,COCOS,1094153.33
0x6d4c0cc23f1d3d042eb36c0f0b04af48655adc61,COCOS,1046848.75
0x00d2e02213051d4e86a6eb8a6d190572b1060b35,COCOS,1038558.05
0xd432e2be68840c9df2ecef433ee8f727fc044683,MATIC,18901.28
0xd432e2be68840c9df2ecef433ee8f727fc044683,FTM,15758.38
0xd432e2be68840c9df2ecef433ee8f727fc044683,SHIB,10728.42
0x5c1de789f7dcbf8a5081677e96438f5e75e89066,COCOS,1023787.34
0x8de9aa390c17e83a5f8526fbb4b48e880228baac,COCOS,1020265.13
0x9796138a92f5ed547d9811565ee078c178176a94,COCOS,991862.53
0xd864989fdc720c22aa33273a524cbe5c3f94afd3,COCOS,206084.42
0xdac073bf7ab0ff2d1df7383be6ae36b9185af59a,COCOS,969649.19
0x01c06fddf26ef03119d41536cf88bae67d0ef41a,COCOS,958826.79
0xd8173e5e25b53ec6095ef6ed4aa7ddbc45c87562,COCOS,935862.00
0x7b5295050752e732ea4100503bc708862f277132,COCOS,929468.22
0xa7d753c1dea2de26cd37638d1a4121b81ca36e59,COCOS,929078.80
0xede884e55f79f1999636f740c5a543677d903ebb,COCOS,927200.00
0x3d02130f273c03f71fbe85a304c39ebfeb7d113d,COCOS,924427.05
0x04d48ab0198e676ad80a7f29cd7d47b6cca2a377,COCOS,908619.40
0xd89306884e5f917d2c50b0af77093722aa4e83d5,COCOS,906179.40
0xd89306884e5f917d2c50b0af77093722aa4e83d5,XIN,14837.08
0xd7e585cdef08de2de39e6cd1698e90b90eb7f89e,COCOS,902800.00
0xfbfa44fa31c4416d9d589ff64f644f66f38fe4e3,COCOS,885720.00
0x5879e128145f7775c5a1acf19a8d199295d91ab8,MATIC,26690.93
0x38006fe0babbef5b3896ed4ffe1268ff02dd9390,COCOS,878400.00
0x005492fcf3dfb9dd7352781a8da7387261a73427,COCOS,871629.00
0x021cb04952a510ab8f7ca9f1fa46959481174de1,COCOS,864471.89
0x266352c04060ce9bafd63f53b39832a0a885bb0b,COCOS,861350.50
0x096467768f4002b5b061323c6b0722edcc467c84,COCOS,856440.00
0x84f8f69a7707561150fbc6a93cdbdcc0aff4732f,COCOS,853260.24
0xd685c01a2a6e082baa5d1b666d1e6c1e4bf8e8d6,COCOS,849742.08
0xd87dfe892c7c8ce7838014505b00e70a4f502c67,COCOS,831303.00
0x30e98de7458364a0f291404e39a393ae3f6f39d4,COCOS,825879.24
0x8c323f1700692f4031ca8c18af37731542d021d3,COCOS,817216.29
0x0143e2d1781bab113910cc8f0e497848996c9043,COCOS,810706.32
0x1fe7360339866fbb8c12a40a21a9548206776b90,COCOS,809919.00
0xce6734620732c7f3e5c3d2dc556c43c0e00d4bee,COCOS,806121.47
0xaa803f541a74a97cffdb3f0d4130f133e694afb2,COCOS,801900.00
0x3e58da6654b6f73bb1ae218143b53a5f5fe3761c,COCOS,801900.00
0x7f586508fd939e7211c6c2e5b63369be18c79c96,COCOS,801778.50
0xc15dbe352f684d6e1a9786d34ffc9483700fd9df,COCOS,772304.40
0x012d8a25661e331f055230a94080999f099926a3,COCOS,768587.13
0x12ec398db0c115e649d7ef843274279d33488364,COCOS,765450.00
0x7253c6b9fa9ed55609fafc589209bb66ef5213a7,COCOS,761278.20
0x1bf090462d130a9d488eff768f222487304b4cce,COCOS,758300.70
0x0324c944b9bc69044d260052c0e4e52c1b7fd99c,COCOS,743363.73
0x668202d69e4e0ec712e9d149279ceca9eec4dfc8,COCOS,743094.00
0x945d5bcda8dcd9cd8b221fd23cf4b6c0e7e50bd5,COCOS,732596.40
0x945d5bcda8dcd9cd8b221fd23cf4b6c0e7e50bd5,WBTC,45001.99
0x2f7aa907a159763d1d7af5c0bb90a94835e39f45,COCOS,729000.00
0x0f7d45cb3731c7b38a90a71acbe1fe0ebe21abb2,COCOS,756831.11
0xa80c53c270676b56dbfea065f4ab09025fd36640,COCOS,756831.11
0xc5aa2d0c0b99092ca7f7c7e751be7a57f0be0b20,COCOS,744257.62
0x6418420f4922db63ea2392194760348ed4fe4aeb,COCOS,744257.62
0x6418420f4922db63ea2392194760348ed4fe4aeb,OTB,10025.44
0x410282b6e53c0d48007ace4874b6afa6754425f7,COCOS,744257.62
0xe7daa8f1d596b90e89df96434ed3b88708ded037,COCOS,731603.41
0xd926cd70f1f08a26eb3ef73f4404755ddea4081e,COCOS,725706.69
0x8eb20d91008474d9df750732c082072396130342,COCOS,700447.19
0x60d5d6060112fd0f280377b08c0babb7dcfad9ce,COCOS,700447.19
0xa8a22cc8075c2b8d4edb14ea8e5846eb44d6c081,COCOS,700447.19
0xd714c1d7525a8ce084d53498a6f1dd33e9ec2ef9,COCOS,699958.94
0x9e18e0763f7f7bd25b69b05bf4b2b4bee0bb6128,COCOS,699778.16
0x10b7f8421fe75fbc786cc0dcefa4561a4b31e02e,COCOS,699778.16
0x826d2a0d77a53bacb7abf3fa3d9b7d3e33cca489,COCOS,673242.19
0x2e9fb92f2dcdf0bd0eeb34e9cb8a1dbbe900db9a,COCOS,673233.69
0x21adc2886aa8c7affa83232497cd6d686e330e6c,COCOS,673230.29
0xa75af619c518aad844e154b668e28f1d48a301c7,COCOS,668250.00
0x9d6080f952d028441849f8a41d7b79c9952aaa3f,COCOS,668250.00
0x335a41ad8a76108bcf215c57050b1221fec408f5,COCOS,668250.00
0xb70c832846eed9defe70962185d8e3e2588513f9,COCOS,667768.86
0xef171231d181bf99bedc3dac40d4b445750a8f33,COCOS,651493.57
0x5cef9bc4d37d85fd2975e36c4ef8cd76f211e95f,COCOS,642589.20
0xf705aafcc49949d1128b3ccfea1ce6070bdc39ec,COCOS,641976.84
0x3c25f2a6f942071465fd845d7ff6f989683c3f04,COCOS,636820.06
0xea37be5e72d41b149b15215b7f2a71474f661d6a,COCOS,635831.86
0x24888ac109dad050485c0fdbb9032b0ca776995c,COCOS,624163.72
0x9217fda70220da52a8adecad703744180e155db0,COCOS,3244657.50
0x4581c0b77857c660912982b2c2a6e76adf15ae09,COCOS,123662.70
0xbc3f584935f54d2af96074cba64254ddaa785b04,COCOS,608189.28
0xbc3f584935f54d2af96074cba64254ddaa785b04,UNCX,53315.58
0xbc3f584935f54d2af96074cba64254ddaa785b04,TRU,23806.20
0x28677f359864306e0f8c913ad079a1af4e91a943,COCOS,607500.00
0xd872475d67d236f3e97f7ed0daf11325fd304eb4,COCOS,607500.00
0x5d517081e319822065ab2e45633f1b5a1d20a48e,COCOS,622040.75
0xd027ca60e53f06fd696890ad14c682a3e7c6379f,COCOS,621225.00
0x37d3e053bc1640b8e5f6f8c87bcfb9b3ea73f867,COCOS,610081.82
0xcf6ab1aca2827ff70ba64da13c83625e2b4450a2,COCOS,653399.93
0xcf6ab1aca2827ff70ba64da13c83625e2b4450a2,BNT,23531.95
0xe50d05acc2941b6c82ca6191255b8f8d6bcce6c6,COCOS,602199.20
0xdb303fc7024a743267a1126b0481014db94d238f,COCOS,601188.47
0x6c701e3ab65fa3bbe9140115cf88fea459a4166e,COCOS,598297.54
0x55c303acd267488ed52504124880ef1ff063bbf5,SHIB,24481.63
0xf0bece4b155b3ab85bdb98e0a1b5947d7cc730e8,COCOS,587096.53
0x137865903ef13dd729ce8b2433964dc14c6d2672,COCOS,583065.47
0x8439a46450d4c41f0f2482c6d3dbf962c0997b7b,COCOS,580660.64
0x952d6b655be41717b4afd617100010358dd51785,COCOS,580196.54
0x62c1387c4d1d6ea7fff975ec192a80955b322e30,COCOS,580196.54
0xddc18dadbc975db18b8e0794a89e1de51170ccd5,COCOS,580196.54
0xda816e2122a8a39b0926bfa84edd3d42477e9efd,USDT,30009379.35
0xda816e2122a8a39b0926bfa84edd3d42477e9efd,DENT,37696.56
0xda816e2122a8a39b0926bfa84edd3d42477e9efd,wNXM,12343.01
0xda816e2122a8a39b0926bfa84edd3d42477e9efd,TRU,11781.99
0x0c350583ce55a4f94973cb1b759b89782c2ba0fb,COCOS,567001.47
0xe7d99149e05c30038432483f9ab9f589f5e3e5cf,COCOS,564750.00
0x8d09e9312410884cc726c6211b5c52ce22ca124a,COCOS,560483.00
0xa4e7e9ecac3ea527b9baeacb5ce62a983e2699c8,COCOS,567182.00
0xd7e315ad6aa258daa1da35db6b41bed1b26ac9d8,COCOS,567182.00
0x52352ed97e8616aedb276c32403a6b20cc2b3902,COCOS,567182.00
0x7e80f49d46f15130671ef024c31264326df7e13a,COCOS,606038.09
0x1b6d45f25622761ac07f267fc8e9a1ed0a0c9b95,COCOS,603131.80
0xecdeea874f6842b2f1dd9a59b7701ee61f89a5d7,COCOS,598577.16
0x9ac845b31a2bdfc310487b03b7464eb5bebfe5fe,COCOS,598188.34
0xfe4114abf8bee29c7cf64e45404fd13d9e17e9fe,COCOS,598188.34
0x51498bd3a822464f56fd5f4ebe4ad0c24dce7d92,COCOS,598188.34
0xcfd5baf6c423ea52c10e168f31595b7f033c5bb3,COCOS,598188.34
0xec5870f3867ad9f5c095e7c7c54efc69997502d0,COCOS,598052.39
0xda6e72ca7a0061b829c42e645a7efb1312414fae,COCOS,598052.39
0x98a2b4616fa3cba2b80a9ea9982a223d432146ea,COCOS,598052.39
0x01f002740821e47fc6eb38f2ba168d3e47d064f1,COCOS,811043.35
0x8746e5f296e93b025826485370ae5b4b9c141746,COCOS,578644.51
0xf048b186e9e5971c9c53486d765059f399b3effc,COCOS,573948.80
0x6b262b12f45fc7a1bf72d1317aac41cbbe3e8b6f,COCOS,573948.80
0xb6a0d962bd171c9890de62e8bd333532ff9021b4,COCOS,573948.80
0xf4211cde9ecb0c4968bfe468c44390b1a7a90263,COCOS,573948.80
0xa7e978dfeb1a526ec65be2699ab54e7f880a55c7,COCOS,572357.48
0x077913f7d63a73f50a92e13bf2a35d4fb92d87d4,COCOS,569017.14
0x237e73c57198c4dae5dfbec5d2a886f1c6545f94,COCOS,569017.14
0x0fa583bde6c0894583212aa552fe3343fa923d6e,COCOS,569017.14
0xc6b6690f0499bd288107b1f5ffcdc5cf3f277bb2,COCOS,567877.77
0x288a8412dbaf938aad4455009a625da50b41daec,COCOS,565664.84
0x5ab17d7910d3325ea3414119a9a3668fcceb449c,COCOS,559069.54
0xd7f6924eb4056085e8a96ffec10cd86468ae7bed,COCOS,564406.89
0xd7e69e68ace1e4eceafa941e002c33d6f5db27ac,COCOS,564406.89
0xd7cbfe81ad88d5a3f689859464362e44a9413f0e,COCOS,564406.89
0x44256baffaec7bba794b7b59e0f75827b4004f7d,COCOS,564406.89
0x42dd011e1608d54a18871c6d68731e41a970df66,COCOS,563912.71
0x4f743a986dfd80abd8affcc62db24e7ef461b5c2,COCOS,563695.00
0x9f2139d92fe59168e8de356cf7566fc4a2baafd1,COCOS,563695.00
0xd989b88523efd6304851277e93b5d8420fc786e8,COCOS,563647.97
0x3aaacc992120edffb118da9cf3f177cc83d47b0f,COCOS,563141.00
0xffe59c705c69aeb502ad4013c61009809712e08a,COCOS,563008.04
0xd882fbe53f0a8c78d5b0b69b4627457956cf9142,COCOS,559925.93
0x75abb1320f156d3ba6ad36424f40a2a5b042928b,COCOS,554249.30
0x301afcb7e0b07ae465776eca81999180f70d5e50,COCOS,554000.00
0xedf8b5dcb505000532ee9e4e6e60524394dc4fca,COCOS,554000.00
0x93db4d4fa2c940c2d9c71864c08bae9436b0840c,COCOS,554000.00
0x3ac4157709781829912419e1254674d78fb536d1,COCOS,554000.00
0x18f5bcfeebce1619975c4f9ce8aea69c6bccf368,COCOS,554000.00
0x452732864ebb134c2b970d02d8b19b4e35f0af00,COCOS,554000.00
0x4e36d025d2b6a6fc7caa38e5652fc6e38b31a7ce,COCOS,554000.00
0x3ec1b5a722356d3893281e712ae502440af3239c,COCOS,554000.00
0x3f5078266615520e5992645537997fe1f12bfd27,COCOS,539945.02
0xf752b3faf1858a216b48a9896d5dc31c29381f0f,COCOS,537992.17
0x604147c1085c3be8295a624fceadad503bbce8dc,COCOS,528582.48
0x8db05b1b185e4fdf9264032785e9b1400b93ec81,COCOS,4266921.85
0x8db05b1b185e4fdf9264032785e9b1400b93ec81,MKR,37233.50
0x8db05b1b185e4fdf9264032785e9b1400b93ec81,ENJ,36932.86
0xe01e9dc44429866a655069c79accbd21b9a5a2b8,COCOS,523530.00
0xcac572e86045ec4f01ae7c6ff25dfd84058fbe1f,COCOS,514232.83
0x019fbd87a0ccc92fa483059f544638d1c5d620f1,COCOS,512237.26
0xa42900e8641c6a8159cb7c66346b67bf19923ac3,COCOS,506865.68
0xad6ffc1048c3d6e1d8113891de35c5ee78d69a7f,COCOS,503705.10
0x050b2cc41786f37f2a3eeaa519ab6cc6c01eb027,COCOS,502755.00
0xe80f972e0f6a0e2d78ac864270bddb083e9985c7,COCOS,501415.93
0xe80f972e0f6a0e2d78ac864270bddb083e9985c7,SHIB,14828.08
0x4c71ebeaba195716fd67f7857a0eaadbf2811487,COCOS,500622.28
0xe8ce68eef253e4482da9546d70ad21f44412fa85,COCOS,498755.12
0x6d4fe66e38604b2c5391152696203440d58e87a1,COCOS,498600.00
0x5498f94842631287c0cad2b5c5e63dbfc51145b3,COCOS,498600.00
0x12d6bdbe0ddf3ab1fa93b48356aef0939db24948,COCOS,493565.43
0xc050c0cbd7d7c9b4391f9f88f94bb0894feb3003,COCOS,490060.09
0x1a447d626242adbc1d0bec38201ef6f0da9743da,COCOS,462615.88
0x29325d88ec0aba2dc63ca96007f8a3155602d43a,LABRA,27204.34
0xeac79aede1959cd50f4875c6efd617da2cff8790,COCOS,456844.07
0xd7f2808e03463bba282451ad3dd7f3af052bc208,COCOS,455812.71
0x863cd50bee489df381d2ed1567b5f96e3f07c2ab,COCOS,453809.85
0x863cd50bee489df381d2ed1567b5f96e3f07c2ab,SHIB,18907.80
0xdb5713e7a537e2d944d2b9d3f096b89e658e6946,COCOS,452719.17
0x7c7b2a79389e02a4bd12ea9114b68c9b0a0641dd,COCOS,449820.44
0xfb448769764789b5cdf36520faf1f0d14da0e678,COCOS,449009.53
0x19cc8a67971fc63b97383e94fea3d67b2910e838,COCOS,445409.89
0x2a622f7b941162950923768046a8b146de290639,COCOS,440845.72
0xfd99b5306135f3f6e1b5d18e1257875bf540eadd,COCOS,440845.72
0xbdaaf34ceaf38cb4dbb342b47bc2b057b1824036,COCOS,438924.50
0x08c75349f3ff730587e346447a7466a7c7ae2187,COCOS,438102.26
0x08c75349f3ff730587e346447a7466a7c7ae2187,UFO,11314.90
0x30846511547d7f0c0bb6e93bdb6145f566dc726f,COCOS,435403.18
0x30846511547d7f0c0bb6e93bdb6145f566dc726f,XIN,48352.31
0xf053d9db13cb18a98595d7d46297535fce4f76a0,COCOS,435403.18
0x363bb53a3d8c1c03a991d8e5d4ed1018c039e7e6,COCOS,435403.18
0xc5efbaaad1d9d0ad6d34f7eeb829899a75fcb55f,COCOS,441462.00
0xb3ef9dd2fcd47188801df889433fa0ea147236d2,COCOS,440709.06
0xfb83fdb3ea3862175c2e35ee4b2ef91782ad183f,COCOS,439011.89
0xdccef629593cd1276f598003771309da1dc6dd71,COCOS,438592.62
0x5ef229a21e656ff93f79b8528e7e7be13e75fc69,COCOS,438592.62
0x81ac4c325a6f5a094697e41a954c430fafab0970,COCOS,438592.62
0x107063df66df2742ef20309294bc8344eb958a69,COCOS,438592.62
0x9ed70fd5ee52f346a84bf6be86db6be49ff3cdd9,COCOS,438592.62
0xd7421bdfd1713dff9b5a33b99698c2370278d27b,COCOS,436946.64
0xac9df4659dabc230f157a0b7698900b327235c3b,COCOS,436080.00
0x0e4a54fb4c2665a8b35775eddafbff12061d84cb,COCOS,429517.22
0x562680a4dc50ed2f14d75bf31f494cfe0b8d10a1,CEEK,12136714.64
0x562680a4dc50ed2f14d75bf31f494cfe0b8d10a1,COU,579384.28
0x562680a4dc50ed2f14d75bf31f494cfe0b8d10a1,CARD,269719.54
0xe4cbc5a132126033b904bb18b5caab188387bf2b,COCOS,427662.00
0xa6d32dc845ca6a528f9e0f6af1d4a277f3e50f4c,COCOS,422461.89
0x4e79644a18a776f8dff080b86bbf85506fc61c1e,COCOS,422280.00
0x435375e86696857f1b75798f8bcda4b928166ea1,COCOS,420375.60
0x13a75affbca7e7a1aa3315c44c5361138d70133c,COCOS,414000.00
0x5d299a9c744c3b125d6d1db9365ba50ff466ce68,COCOS,414000.00
0x968b555c9f2111522bd408e1b7612c16fb67249c,COCOS,410250.43
0x7b5d5685dedfd298695086da41f3f0699ae9d82c,COCOS,408145.21
0x26ede290b606bfbf514eb27ab4b5e8e947c0d479,COCOS,401052.84
0x5b79f102a6647c5a4dede71014cc6c9a9ae48d2a,COCOS,400533.96
0x21acd15c678dc43664132bfeb31eaca87db9e0e1,COCOS,400533.96
0xe5bef8d0567c41c8df3b91dc0c93ad2619ecdf29,COCOS,395628.75
0xbf4934c761825448cf9c637d3f44c7f4646e0525,COCOS,393468.36
0x4c3dd634c6218d101ff73d36b5f4d68afd6a75e6,COCOS,392610.00
0x9235397b559382a9ea7646280a38e31b12af4cf6,COCOS,385273.92
0x9235397b559382a9ea7646280a38e31b12af4cf6,USDT,356760.92
0xde3ada4e179fabbf396bdcc28aa4b63e653861ab,COCOS,382155.12
0x846b38bca519a7cb24e06edca34fc73726c5e252,COCOS,381641.76
0xd21c6383ca5c9d53e32ba33e1bc9823f38c1c687,COCOS,378327.00
0xd94c90f18df4f9524ce43d84c8d4e79d623abce1,COCOS,373593.60
0xed66a9e2821fd48deafe95023138646a39a58173,COCOS,367080.00
0x31e7b8dbcf8a46eb003255447e58249aa1ac6e87,COCOS,367080.00
0x815352aaa77352a79c33cf5445216459aef232f8,COCOS,365322.98
0x4b80ef140114e083142ec503ea53bb75a5cbe042,COCOS,364927.20
0xbd8681557bccb7a78f933914476c1d0c82d69c2a,COCOS,367571.60
0x20a41a624756d84437d68318d06d134cd27aa4f1,COCOS,372235.92
0x262320c6a463f03ce416e715ae4c4ab48b41e6b9,COCOS,372106.42
0x7e18e607a0617d667331756ec789804777ac0b40,COCOS,371871.24
0x4f58002064fa30659ed7eceeb49ec33c74dba036,COCOS,367537.22
0x674b7f2d068341f71566dc7223f6e9b376515d34,COCOS,365986.01
0xc096916457eacbfb8c2c5f17ac16797527d6e725,COCOS,365986.01
0x6f46acff4b5fe1e2afbefbc4731d51d8a6f8c186,COCOS,361622.33
0x6550cdf6058fb2ec68353dfd9389cccb5c64020c,COCOS,361200.04
0xbbac17b47c7c3256664d4ba7447e1f2def27bd12,COCOS,361200.04
0xe80031007bcc6c357c62305ffe89f99955d05aa5,COCOS,360355.45
0x05bd6f396fc79c1b55ccec2ee7366e55397a1be5,COCOS,359285.65
0x8b7007a4b9ca9e8b0709675f951edb50bf53ee04,COCOS,357901.57
0xf429e2da761d24d39a7c268608274b16527783b1,COCOS,348390.53
0x7e0a0d8399a8d5e26f32c5353f81700138abcf14,COCOS,346279.07
0x3c07c3bdeacf8f23f84edf34c1585eb35424118c,CHR,27538.46
0xb25fa9ea1f57c9a16e97518c5e2b1df1a70c2cfe,COCOS,333600.00
0xe23ca64dd9222c0569a22e034b4b9b07525558d4,COCOS,329291.00
0x0a803683805ab7435320bedcd9b7ff60ba60b96e,COCOS,328710.09
0xa0ae4c3611269ff5cb7326ca4289fadb976469c1,COCOS,327206.00
0x10ee840b980d125592cc20428d9e7c8beb6679db,COCOS,325260.00
0x7164b5d8901abb52ba5c7e5b6ebb917160abc12a,COCOS,319510.13
0xcc957b5e112a561f8264ed4166c7bfd4aebf73be,COCOS,314974.00
0x9aac49c402ca62c3b68d1c0dba9c14008a80795e,COCOS,311207.10
0x8b10a14cfee6232695527e725e3f02cf839aec3c,AMP,48550.80
0x2a8cc0c69e396a6140f569a3f0bfc2027aa50cff,COCOS,102962.86
0x24b9c9b7ebedfecf8a0ae04303b1f6b637491b89,COCOS,308327.02
0xd8f2559354a6556def51824f7b3bf1a35336c9e8,COCOS,307712.64
0x4c05c4e06e2280fc844c1b520b4597c06c3627c6,HOKK,4385042304.30
0x4c05c4e06e2280fc844c1b520b4597c06c3627c6,CEEK,11563.22
0x4c05c4e06e2280fc844c1b520b4597c06c3627c6,NFTY,10756.64
0x02251f997116dd828a5394217630ff39f5cd4080,COCOS,305800.00
0x1c5f2a993c92ba5e765235b225a89a0edbb70962,COCOS,305800.00
0xc17ddb8be5db28df8b32fda1c3a8c058bec6012f,COCOS,305800.00
0xb25f73659ade6be063e482511a7075d4e18c745f,COCOS,305800.00
0x82763644fd4feaed5b32c275cbc58464741c832c,COCOS,305800.00
0xd7f29acb2514943ed5801618fa2901d354a2da9f,COCOS,305661.00
0x6cff1b1267e3036ec68b86c5182af9ade325037f,COCOS,303774.77
0x7576bffb8c6c1ca47036bed652c66974c434fae4,COCOS,306023.02
0x9ba3560231e3e0ad7dde23106f5b98c72e30b468,ELON,667200.16
0x9ba3560231e3e0ad7dde23106f5b98c72e30b468,ENJ,491021.25
0x9ba3560231e3e0ad7dde23106f5b98c72e30b468,DSLA,219079.24
0x9ba3560231e3e0ad7dde23106f5b98c72e30b468,XCUR,97250.57
0x9ba3560231e3e0ad7dde23106f5b98c72e30b468,CRE,85352.31
0xd851ed853daa40c5454a53edbe7e3e51667573bb,COCOS,296575.27
0x0f642857e473f65cd00833f27d763cb4f19483f4,COCOS,296575.27
0x1978e53ef0faf74c811b53767551f8e549423157,COCOS,295206.53
0x1978e53ef0faf74c811b53767551f8e549423157,DNT,16245.25
0x1978e53ef0faf74c811b53767551f8e549423157,REQ,10690.92
0x1cdc08f0aaff6bf322ce9180714f7f37caf11ca5,COCOS,295050.00
0x17801d2d0909d6544d1cb0ac27a6d27d3bca614d,COCOS,295050.00
0xfe3dd1e9828e62e538aeffff72f0cb00476aaa28,COCOS,292296.20
0x23698e55e9c8520f5338b2570720b442516dde9f,COCOS,290199.46
0xd587a1742a396124b6a6671f3b78e42aedfda2f2,COCOS,286987.40
0xf057ba2addbef23046278e3773683430f77be7f1,COCOS,286339.00
0x50d77641e0f07929db40d501cd4ce689802d4f2f,COCOS,285569.06
0xadb52968d0b3d1bc6e29a81f7cdad7887ae21ba7,COCOS,285484.76
0xb2944748fd952a330b7e07e9b4b3d44e8f6cabc4,COCOS,281767.52
0x3dc3cc524feaa287e4e5d498d9d80e7020d5a437,COCOS,281000.00
0xcb86b9b6dd4688cbf1c150df3d0ff12bb66923e3,COCOS,281000.00
0xe80e2bbc17ce5cb2a31663a7422e8238932ae5ce,COCOS,281000.00
0x758ba0f374b3d791d4dd9476e28222916f49c9e2,COCOS,281000.00
0xe75236248520a3b9fe628f074552f46e8984a4c6,COCOS,281000.00
0x6802c9be6a425e0a0375e5068db8f3b860c945d6,COCOS,281000.00
0xb15142ddc76e77ce2fd458ccbdbc7be0d5a36c86,AAVE,342116.76
0xb15142ddc76e77ce2fd458ccbdbc7be0d5a36c86,BAND,15847.07
0xb15142ddc76e77ce2fd458ccbdbc7be0d5a36c86,DYDX,14180.00
0x9599144daf521df938f3e9703fa1c1fcb7162de6,COCOS,281000.00
0x46884b2fbadfc8a351e5586cdb0de9d47905dfad,COCOS,281000.00
0xafc899dc9dda7770b8d4791e557c73c426f3c0ce,COCOS,281000.00
0x424fe343e51d1c89bd1134723ad6ecbc35d21db7,COCOS,281000.00
0x7fb1e2e5272701bd23150c6be44c04d21ba57c30,COCOS,281000.00
0x3edadedaa135bd0e1c84b8c669516ff1081bfe5d,COCOS,269546.30
0x048a0440b029bd2b9e9391a5f2cbfab50c73ca11,COCOS,269546.30
0xa97442de33d3d7c2edb7c3ff454cb072c2abae15,HOKK,4851331799.81
0xe8077bc417354b5c48e6afb7eec5c4e8372fc7b9,COCOS,265608.59
0xfd8d47114d617bffe10149677c5a9bca64748d09,COCOS,265608.59
0xb1ef0131ca31dd5a66a2627c42c75404d9d52390,COCOS,264572.49
0xb1ef0131ca31dd5a66a2627c42c75404d9d52390,DENT,12170.45
0x38908fea1c31320411ff84fd32acd970e8b9b328,COCOS,262640.53
0xe28d6d925d6006e0bf552ecd0472bc44bfbdb892,COCOS,257451.76
0xc33bcb0e33a4f5a98e8745f0c56365322344b93b,COCOS,257180.33
0x0070591ece6a040432007a6565b16a93d60892e7,COCOS,256829.11
0xdadcb57012407965417cbbabc20a604193117821,COCOS,254893.77
0x428a2c9d4759608bfd89f5e5ef85782f697b75a1,COCOS,254715.87
0x41dc9cb154518ed02a961e42826700e962fd16b1,COCOS,253187.54
0x309bf62cceaccb19e3d8e239b0ad08f20a6ae2ce,COCOS,252319.60
0xa86019063a34c2f9d4f265f49916225d6c648a34,COCOS,249400.41
0x15cc865c1e6a0258795fc73393e555d900151c86,COCOS,249227.90
0x15cc865c1e6a0258795fc73393e555d900151c86,HOKK,17325.51
0x144c75f40315b9272ccbe36658811d95983acda2,COCOS,249226.82
0x55ba53df8c4d4c3ff7a4b30a304f2a2ca6031bc7,COCOS,249226.82
0x11d52a819cd89a9946220d1bfcb5b155cb23adb9,COCOS,249226.82
0x11d52a819cd89a9946220d1bfcb5b155cb23adb9,GALA,16095.84
0x2b09f7a74498894846d42fca9df899d81dbad293,COCOS,249225.21
0xc8c7780b87b0090ec4bd1985df377890dc68519b,COCOS,257863.52
0x0a60326c59dab9f6473c0801a79e19be8efa0f03,COCOS,257494.68
0xdae182e6b08283f15065a29c07d037231181626d,COCOS,257355.18
0x0bd994cf0ab7346b1259393024e0cb3dbd6edf2f,COCOS,256188.96
0x05d3d0c79ce4b28dc119750b8dd519c3106f5246,COCOS,256188.96
0x15415b46ffa75bb3592efaf1e4b1b79547f597ca,COCOS,256188.96
0x6cf6de252fea6cd9d61e8c2d2a242ba658055f5b,COCOS,256188.96
0x25b50bc4583daac6212c64cec08eb853030d0c3b,COCOS,255748.14
0x4443a9001277a14b247a7b893bfe82555f01f27f,COCOS,254563.74
0xdbf93ddad8c7680894819a7cff152c7097498358,COCOS,253354.32
0xd8deda9c79accc6a400cc13069b90bacae916683,COCOS,253159.02
0x03ca317d2354edce76c6c0d5eb08944bd7cf8a68,COCOS,251775.18
0x07d2e18ddcc99505c5c8bff9697adf65446745e2,COCOS,251100.00
0x5842c3a0cc26882e300201bb97d75543ca7c943d,COCOS,251100.00
0x24ba5b3e30cd7cb8b277fe90e6f5f6de9b913cb8,COCOS,251100.00
0x98e5511aab84cf7eb7a0eed71eda42a887eeb6c1,SAND,417874.60
0x98e5511aab84cf7eb7a0eed71eda42a887eeb6c1,SHIB,245043.10
0x98e5511aab84cf7eb7a0eed71eda42a887eeb6c1,CELR,216729.43
0x98e5511aab84cf7eb7a0eed71eda42a887eeb6c1,BADGER,55430.39
0x98e5511aab84cf7eb7a0eed71eda42a887eeb6c1,SKL,49645.07
0x7bedba9ad8bf091104301cb775a791126cf216da,COCOS,247412.43
0x3e9d61e8226f854a00930dd2cd5e8c17e916ff85,COCOS,245520.00
0x6fd772b830bf803e903318ad71252edfac88023d,COCOS,243385.07
0x5853a311584cb5dc30233aacff6cc4a10721117d,COCOS,243385.05
0x86f4dbb2e5ee5c113a5d90deb588a7b79c3779db,COCOS,243385.05
0xcb41e0adba88c7998407a7deb2fd2cce374f17eb,COCOS,242381.25
