0x5f65f7b609678448494de4c87521cdf6cef1e932,SAND,46487659.97
0x5f65f7b609678448494de4c87521cdf6cef1e932,MANA,46014643.44
0x5f65f7b609678448494de4c87521cdf6cef1e932,AMP,45844684.43
0x6262998ced04146fa42253a5c0af90ca02dfd2a3,SHIB,918334777.99
0x6262998ced04146fa42253a5c0af90ca02dfd2a3,USDC,105439969.67
0x6262998ced04146fa42253a5c0af90ca02dfd2a3,SAND,86804562.19
0x6262998ced04146fa42253a5c0af90ca02dfd2a3,USDT,63053388.36
0xf60c2ea62edbfe808163751dd0d8693dcb30019c,BUSD,38109358.19
0xf60c2ea62edbfe808163751dd0d8693dcb30019c,SHIB,23096417.19
0xf60c2ea62edbfe808163751dd0d8693dcb30019c,MANA,22722799.71
0xf60c2ea62edbfe808163751dd0d8693dcb30019c,BNB,18556215.23
0x9a1989946ae4249aac19ac7a038d24aab03c3d8c,RNDR,31011359.52
0x9a1989946ae4249aac19ac7a038d24aab03c3d8c,USDT,5541086.36
0x9a1989946ae4249aac19ac7a038d24aab03c3d8c,USDC,1635989.48
0x72a53cdbbcc1b9efa39c834a540550e23463aacb,SHIB,1458956541.52
0x72a53cdbbcc1b9efa39c834a540550e23463aacb,SAND,137581059.42
0x72a53cdbbcc1b9efa39c834a540550e23463aacb,MANA,99471685.68
0x72a53cdbbcc1b9efa39c834a540550e23463aacb,ENJ,95309406.40
0x1522900b6dafac587d499a862861c0869be6e428,SAND,24972542.22
0x1522900b6dafac587d499a862861c0869be6e428,USDT,15201599.90
0x1522900b6dafac587d499a862861c0869be6e428,OMG,10657103.98
0x1522900b6dafac587d499a862861c0869be6e428,MATIC,5963596.32
0x1522900b6dafac587d499a862861c0869be6e428,USDC,5947835.38
0xf35a6bd6e0459a4b53a27862c51a2a7292b383d1,SAND,50795557.35
0xf35a6bd6e0459a4b53a27862c51a2a7292b383d1,SHIB,47552292.14
0xf35a6bd6e0459a4b53a27862c51a2a7292b383d1,MANA,18768076.45
0x2faf487a4414fe77e2327f0bf4ae2a264a776ad2,CEL,241793640.22
0x2faf487a4414fe77e2327f0bf4ae2a264a776ad2,WBTC,170397006.01
0x2faf487a4414fe77e2327f0bf4ae2a264a776ad2,SXP,154378464.34
0x2faf487a4414fe77e2327f0bf4ae2a264a776ad2,stETH,150350611.00
0x2faf487a4414fe77e2327f0bf4ae2a264a776ad2,USDP,142057621.84
0xee672576413977371d96a08aad399df3ef33051e,OMG,322484.40
0x3f5ce5fbfe3e9af3971dd833d26ba9b5c936f0be,COCOS,23250295774.92
0x3f5ce5fbfe3e9af3971dd833d26ba9b5c936f0be,CMT,255276.25
0x3f5ce5fbfe3e9af3971dd833d26ba9b5c936f0be,CANDY,117555.99
0x3507e4978e0eb83315d20df86ca0b976c0e40ccb,USDT,39846112.57
0x3507e4978e0eb83315d20df86ca0b976c0e40ccb,MATIC,789757.99
0x3507e4978e0eb83315d20df86ca0b976c0e40ccb,AUDIO,423061.99
0x7793cd85c11a924478d358d49b05b37e91b5810f,THETA,113325717.03
0x7793cd85c11a924478d358d49b05b37e91b5810f,MANA,17743614.81
0x7793cd85c11a924478d358d49b05b37e91b5810f,BLZ,1593287.39
0x02eca8cc78b7d30c1ac5e16988ed2c8a9da658d6,CVC,125798.79
0x02eca8cc78b7d30c1ac5e16988ed2c8a9da658d6,AST,112692.51
0x187e3534f461d7c59a7d6899a983a5305b48f93f,MANA,8848846.06
0x187e3534f461d7c59a7d6899a983a5305b48f93f,DYDX,5202983.64
0x187e3534f461d7c59a7d6899a983a5305b48f93f,HOT,4302760.30
0x187e3534f461d7c59a7d6899a983a5305b48f93f,CELR,3260610.00
0x1c7013b6c7250e6a8d6f87f22aa19fa8db89694f,RLC,380000.00
0xd6216fc19db775df9774a6e33526131da7d19a2c,KCS,1523155279.32
0xd6216fc19db775df9774a6e33526131da7d19a2c,ELON,95502209.14
0xd6216fc19db775df9774a6e33526131da7d19a2c,MANA,71241967.30
0x73f9b272abda7a97cb1b237d85f9a7236edb6f16,GRT,1859865.42
0x6455327f820edd69c4cd665b995e0fec679d7f9e,SHIB,20023010.81
0x6455327f820edd69c4cd665b995e0fec679d7f9e,MANA,11303109.15
0xd39b3ccf9ecac0c8013ea30700dea9c6c539ae49,MANA,7215350.17
0xd39b3ccf9ecac0c8013ea30700dea9c6c539ae49,BUSD,7028753.23
0xd39b3ccf9ecac0c8013ea30700dea9c6c539ae49,SHIB,1969782.43
0xd39b3ccf9ecac0c8013ea30700dea9c6c539ae49,BAT,1090676.76
0xd39b3ccf9ecac0c8013ea30700dea9c6c539ae49,USDC,1046850.80
0xa89a1278ac85367f38bdf6746658ce2b9875526e,KP3R,989388.73
0xa89a1278ac85367f38bdf6746658ce2b9875526e,BADGER,758477.92
0xa89a1278ac85367f38bdf6746658ce2b9875526e,KEY,740022.75
0xa89a1278ac85367f38bdf6746658ce2b9875526e,SUPER,735198.05
0x3bac7400123bde8bbe813fbb781796d470164a1c,STPT,1008960.57
0x3bac7400123bde8bbe813fbb781796d470164a1c,CHZ,924021.48
0x3bac7400123bde8bbe813fbb781796d470164a1c,1INCH,357437.12
0x3bac7400123bde8bbe813fbb781796d470164a1c,AAVE,290528.68
0x909fcf5ee87a5c9827210edd2a21b35b9c24d967,MANA,387096.26
0x909fcf5ee87a5c9827210edd2a21b35b9c24d967,ENJ,297784.37
0x909fcf5ee87a5c9827210edd2a21b35b9c24d967,ANKR,101970.10
0x1ce8d873c4ee3987893b5eb8ed3f5d04fa4b4cae,SAND,17059229.93
0x1ce8d873c4ee3987893b5eb8ed3f5d04fa4b4cae,MANA,13838870.59
0x1ce8d873c4ee3987893b5eb8ed3f5d04fa4b4cae,ENJ,3887122.62
0x1ce8d873c4ee3987893b5eb8ed3f5d04fa4b4cae,SXP,2972677.68
0x1ce8d873c4ee3987893b5eb8ed3f5d04fa4b4cae,HT,2288690.08
0x3a9e6cf4e3157670a3b991c25d6f4fcbd9419c03,DAWN,6190045.33
0x3a9e6cf4e3157670a3b991c25d6f4fcbd9419c03,MANA,4032397.86
0x3a9e6cf4e3157670a3b991c25d6f4fcbd9419c03,DYDX,1668668.81
0x3a9e6cf4e3157670a3b991c25d6f4fcbd9419c03,BAT,827854.97
0xcc9e50602a5086de3aae5ca48bc849f110cea9a3,UNI-V2,154585.85
0xd160c2767651df3b6bd4bc6c8e5f3a2c2031b4bd,RNDR,627714.99
0x75919e7a5877b7d7821904092636892f20505d84,BAT,230979.13
0x75919e7a5877b7d7821904092636892f20505d84,ZRX,151763.14
0x0ad0044712d0f018eebcda8fe2c771cc4df8f704,BAT,499313.92
0x0ad0044712d0f018eebcda8fe2c771cc4df8f704,MANA,450475.74
0x0ad0044712d0f018eebcda8fe2c771cc4df8f704,AAVE,327240.52
0xc9f5296eb3ac266c94568d790b6e91eba7d76a11,USDT,1225820.28
0xc9f5296eb3ac266c94568d790b6e91eba7d76a11,MANA,1220020.32
0xc9f5296eb3ac266c94568d790b6e91eba7d76a11,SHIB,492369.67
0xc9f5296eb3ac266c94568d790b6e91eba7d76a11,UNI,438651.91
0xf9623fe14733b3ef4f102626a219c9e89a5b5aae,BUSD,4995053.05
0x32a3cd2e04a05690c553d830477ad9d43e6e3d57,DKA,379755.78
0x32a3cd2e04a05690c553d830477ad9d43e6e3d57,MANA,144187.61
0x46340b20830761efd32832a74d7169b29feb9758,SHIB,11349742.46
0x46340b20830761efd32832a74d7169b29feb9758,SAND,7041947.29
0x46340b20830761efd32832a74d7169b29feb9758,MATIC,4761746.24
0x3741f1e0eb8a643a2aea206e255c32984d44ec35,ANKR,174915.56
0xf3e36ad56aa85abdacc18c02d19509ae4f7d5899,DYDX,1517914.54
0xf3e36ad56aa85abdacc18c02d19509ae4f7d5899,CHZ,555634.25
0xf3e36ad56aa85abdacc18c02d19509ae4f7d5899,AAVE,405831.47
0x41db4382862256f37f370bbb6394d864582cde31,DKA,215567.73
0x3adfd8cde1e271521d08a5929b6e9acaed4d8934,GNO,203626.53
0x1c5e269331837415c69b5067f3f0a383676cc1e7,SHIB,19880016.91
0x1c5e269331837415c69b5067f3f0a383676cc1e7,SXP,1210136.96
0x1c5e269331837415c69b5067f3f0a383676cc1e7,ZRX,1045837.88
0x0d0707963952f2fba59dd06f2b425ace40b492fe,BOA,3960005.87
0x0d0707963952f2fba59dd06f2b425ace40b492fe,ANY,3435114.65
0x0d0707963952f2fba59dd06f2b425ace40b492fe,1INCH,1995834.30
0x98d45b17daf59e2676486145542661c7d91ac718,AAVE,335566.19
0x6748f50f686bfbca6fe8ad62b22228b87f31ff2b,MANA,10139755.70
0x6748f50f686bfbca6fe8ad62b22228b87f31ff2b,PRO,5969583.63
0x6748f50f686bfbca6fe8ad62b22228b87f31ff2b,FAIR,5367971.80
0x6748f50f686bfbca6fe8ad62b22228b87f31ff2b,HIT,3802408.24
0xb2410c6961c3f89c319dd10d5bb30a9ed4b5d192,ILV,767237.39
0xb2410c6961c3f89c319dd10d5bb30a9ed4b5d192,AAVE,600305.26
0xb2410c6961c3f89c319dd10d5bb30a9ed4b5d192,MANA,536716.16
0xb2410c6961c3f89c319dd10d5bb30a9ed4b5d192,SAND,369176.30
0x0b0f793e2a8e18a372a30a231d7c8777ad8122c0,ENJ,961337.65
0x0b0f793e2a8e18a372a30a231d7c8777ad8122c0,MANA,352676.23
0xbe1e29804d75533908ff0d49286dccb1eb90a480,BAT,257825.36
0xed045911f34dea9f12628520bca4f344280e885d,RLC,882095.97
0x742d35cc6634c0532925a3b844bc454e4438f44e,MANA,47637366.77
0x742d35cc6634c0532925a3b844bc454e4438f44e,NEXO,34523415.25
0x742d35cc6634c0532925a3b844bc454e4438f44e,SAN,20338120.00
0x32d4703e5834f1b474b17dfdb0ac32cc22575145,USDT,23581762.61
0x32d4703e5834f1b474b17dfdb0ac32cc22575145,USDC,2505621.23
0x32d4703e5834f1b474b17dfdb0ac32cc22575145,MATIC,324725.55
0x32d4703e5834f1b474b17dfdb0ac32cc22575145,FTM,261131.36
0xf95fa1f9c696e636550577b6457631c725fdcc61,BAT,367610.44
0xf95fa1f9c696e636550577b6457631c725fdcc61,ZRX,270687.53
0xf95fa1f9c696e636550577b6457631c725fdcc61,DNT,201734.47
0xf95fa1f9c696e636550577b6457631c725fdcc61,POWR,131695.43
0x6705a969a875426496a0b34c2577f9f4c91535d0,MANA,1183721.39
0x6705a969a875426496a0b34c2577f9f4c91535d0,RAD,116268.30
0x41af67f7798e08d58eb103e75813ea636a537471,SHIB,1324531.90
0x41af67f7798e08d58eb103e75813ea636a537471,ILV,528311.01
0xb17df221c9b9147186978d82225cf965652ee464,QRL,127922.55
0x910878c3ff5b9b9032c69b3ab060f9a755d59a59,AAVE,859120.24
0x910878c3ff5b9b9032c69b3ab060f9a755d59a59,GALA,680449.88
0x910878c3ff5b9b9032c69b3ab060f9a755d59a59,USDT,531199.96
0x910878c3ff5b9b9032c69b3ab060f9a755d59a59,ENJ,386903.25
0x64a13c7c2aca4b56008a28e12988c65bfbb650b7,MANA,473061.24
0xe463aa794e1d28ed0921b0f532726100472a6c8c,MANA,229897.58
0xe463aa794e1d28ed0921b0f532726100472a6c8c,ENJ,177506.37
0xe463aa794e1d28ed0921b0f532726100472a6c8c,LYXe,125090.47
0xe463aa794e1d28ed0921b0f532726100472a6c8c,GLCH,122120.62
0x92cdef8d652d11374d4f9aada57338bbfd792721,BAT,534607.20
0x92cdef8d652d11374d4f9aada57338bbfd792721,DGD,232428.06
0x92cdef8d652d11374d4f9aada57338bbfd792721,OMG,138814.35
0x95b564f3b3bae3f206aa418667ba000afafacc8a,SAND,15138909.93
0x95b564f3b3bae3f206aa418667ba000afafacc8a,MANA,4195982.93
0x95b564f3b3bae3f206aa418667ba000afafacc8a,HOT,2863920.66
0x95b564f3b3bae3f206aa418667ba000afafacc8a,SHIB,2442849.60
0x95b564f3b3bae3f206aa418667ba000afafacc8a,USDC,2319771.46
0x4ec7cdf61405758f5ced5e454c0b4b0f4f043df0,INDEX,1130350.16
0x4ec7cdf61405758f5ced5e454c0b4b0f4f043df0,USDT,108332.93
0x15640b199d20d80393712c0a656a73424a6bed97,MANA,264822.86
0x876eabf441b2ee5b5b0554fd502a8e0600950cfa,BAT,3572567.40
0x876eabf441b2ee5b5b0554fd502a8e0600950cfa,ELF,3099879.16
0x8c0408248b70dca614aa206571e6c5d07eae0261,RLC,378842.49
0x46fe2eea601f902492318a014e16ce5260000ed9,NMR,192092.24
0xe07cc845fe401f5c7fa8bfb71e940b774ca77632,STARL,2167332.55
0xe07cc845fe401f5c7fa8bfb71e940b774ca77632,RNDR,949780.80
0xe07cc845fe401f5c7fa8bfb71e940b774ca77632,ZKS,407502.21
0x7ab33ad1e91ddf6d5edf69a79d5d97a9c49015d4,COTI,207602.06
0x7ab33ad1e91ddf6d5edf69a79d5d97a9c49015d4,BNB,205868.14
0xc0558c6b503d50d5eb29c2fa8af4c7ed42836afb,MATIC,2009497.84
0xf1b1230198a2804c8ae6f0d985559cfc493ee0f3,GALA,257837.44
0x839ca53573516b8176cb7b050f15498b78055632,GNO,133718.45
0xa1d8d972560c2f8144af871db508f0b0b10a3fbf,ERC20,9616565.40
0xa1d8d972560c2f8144af871db508f0b0b10a3fbf,FTM,7204667.61
0xa1d8d972560c2f8144af871db508f0b0b10a3fbf,MANA,6970068.67
0xa1d8d972560c2f8144af871db508f0b0b10a3fbf,ALICE,3461139.41
0xdfa66f3297af1d3bae4de0ce36a85057cdae8749,MANA,859949.55
0x86904e32b0d7a8e1ab4dc4a02bae7ff93e9a2d33,GALA,4264041.68
0x86904e32b0d7a8e1ab4dc4a02bae7ff93e9a2d33,SHIB,1223721.90
0x86904e32b0d7a8e1ab4dc4a02bae7ff93e9a2d33,GRT,625587.97
0xc330c1a3c7db9c75f60aed0a9b7c0fc5fa22d5a2,AMLT,112335.57
0xb2b9cef5b8b720652ee9e17fcf867dcb7c4cd25e,MANA,1670499.51
0xb2b9cef5b8b720652ee9e17fcf867dcb7c4cd25e,MATIC,1213530.77
0xb2b9cef5b8b720652ee9e17fcf867dcb7c4cd25e,ENJ,769891.68
0x57174d30d408787e77fbb88675ab586b79f3e6f4,DENT,100049.51
0x8d12a197cb00d4747a1fe03395095ce2a5cc6819,BAT,357902.80
0x8d12a197cb00d4747a1fe03395095ce2a5cc6819,AST,248261.73
0x8d12a197cb00d4747a1fe03395095ce2a5cc6819,ASTRO,205332.63
0x8d12a197cb00d4747a1fe03395095ce2a5cc6819,AIX,151774.94
0xfa4b5be3f2f84f56703c42eb22142744e95a2c58,MANA,81588132.87
0xfa4b5be3f2f84f56703c42eb22142744e95a2c58,LAMB,4845500.83
0xfa4b5be3f2f84f56703c42eb22142744e95a2c58,CVC,3920615.98
0xfa4b5be3f2f84f56703c42eb22142744e95a2c58,AST,3840710.99
0xfa4b5be3f2f84f56703c42eb22142744e95a2c58,HIT,3312134.60
0x7b9d79ae15fce40ca98aa2831739cafd2a9801e3,SAND,439404.75
0x602dbf79e0c4f8e90bb97bdd0a2f068b59924f4d,QRL,315595.55
0x602dbf79e0c4f8e90bb97bdd0a2f068b59924f4d,ZRX,201555.40
0xfdb16996831753d5331ff813c29a93c76834a0ad,MXC,8609606.12
0xfdb16996831753d5331ff813c29a93c76834a0ad,ABT,3975627.87
0xfdb16996831753d5331ff813c29a93c76834a0ad,DAC,1717570.59
0xfdb16996831753d5331ff813c29a93c76834a0ad,HIT,1592058.37
0xe52599c268d3c38199c8afd0b1cfb20f6c0a2dc3,kMPL,136214.00
0x0bd0179b7c40251598b9147b02f724cc44d391ef,SAND,573216.00
0x0bd0179b7c40251598b9147b02f724cc44d391ef,POLY,137366.97
0x9cc5be83b211620cfe23e25bc65d6da6751bcf09,MANA,3876959.17
0x9cc5be83b211620cfe23e25bc65d6da6751bcf09,MASK,2015630.28
0x9cc5be83b211620cfe23e25bc65d6da6751bcf09,KEEP,1508575.44
0x9cc5be83b211620cfe23e25bc65d6da6751bcf09,BAT,596470.27
0xadb2b42f6bd96f5c65920b9ac88619dce4166f94,OCN,1907893.70
0xadb2b42f6bd96f5c65920b9ac88619dce4166f94,LAMB,1781272.27
0xadb2b42f6bd96f5c65920b9ac88619dce4166f94,MANA,1621253.88
0xadb2b42f6bd96f5c65920b9ac88619dce4166f94,MTX,804087.24
0xb1bdaebe11f255a1797ee191fccb2f69f1923dd0,FET,1960728.22
0xb1bdaebe11f255a1797ee191fccb2f69f1923dd0,SAND,1466751.54
0xb1bdaebe11f255a1797ee191fccb2f69f1923dd0,SHIB,1327432.58
0xb1bdaebe11f255a1797ee191fccb2f69f1923dd0,MATIC,903568.10
0xabea9132b05a70803a4e85094fd0e1800777fbef,USDC,2216603.82
0xabea9132b05a70803a4e85094fd0e1800777fbef,USDT,1680369.90
0xabea9132b05a70803a4e85094fd0e1800777fbef,NCR,1366788.20
0xabea9132b05a70803a4e85094fd0e1800777fbef,HEX,971695.77
0xeee28d484628d41a82d01e21d12e2e78d69920da,IOST,20696401.67
0xeee28d484628d41a82d01e21d12e2e78d69920da,MANA,1799682.53
0xeee28d484628d41a82d01e21d12e2e78d69920da,HIT,1439862.19
0xeee28d484628d41a82d01e21d12e2e78d69920da,MDS,938471.32
0x0960abfeeeaadad855c8ac4b53b9ca3fdeb4e365,BAT,889899.64
0x0960abfeeeaadad855c8ac4b53b9ca3fdeb4e365,ENJ,758496.20
0x0960abfeeeaadad855c8ac4b53b9ca3fdeb4e365,OCEAN,335164.85
0x0960abfeeeaadad855c8ac4b53b9ca3fdeb4e365,CHZ,252235.40
0x0960abfeeeaadad855c8ac4b53b9ca3fdeb4e365,DENT,187158.65
0x2bd77ae4ad198cb552af9dac7754c680a493ba53,TRAC,155096.61
0x08317eda387f35a92900a4edd2e12171b1351e6f,MANA,295324.35
0x0c6c34cdd915845376fb5407e0895196c9dd4eec,ANKR,5231647.57
0x0c6c34cdd915845376fb5407e0895196c9dd4eec,MANA,4321478.06
0x0c6c34cdd915845376fb5407e0895196c9dd4eec,NEXO,1277878.15
0x32e28e146c62541e2830d3bed33946b37c2e57f0,GALA,176219.02
0x32e28e146c62541e2830d3bed33946b37c2e57f0,BNB,142879.28
0x65be133061cc0fc452348662f772c76794a07353,KNC,235952.40
0xd9227fdb1893b1470bb750782d29270592c6888b,STARL,1382781.03
0xd9227fdb1893b1470bb750782d29270592c6888b,RNDR,1079069.42
0xd9227fdb1893b1470bb750782d29270592c6888b,AKITA,432463.69
0x50708505fb2d13d6522ad35e03f178ac4c50ecb7,BNT,230382.43
0xdae23a5798eecd5f3d2769f95d6ca4470c1b8bf7,MANA,1590291.97
0xdae23a5798eecd5f3d2769f95d6ca4470c1b8bf7,1INCH,678600.00
0xdae23a5798eecd5f3d2769f95d6ca4470c1b8bf7,SUSHI,258120.00
0xe8fc04c05fe482c0dcf798ffa44a1978a585c5d8,POLY,741177.70
0xe839b2e436782ec0f52724e72b68d1c70cbc8f35,DDIM,328876.38
0x4923eba97e437104319a7a27fcd4e5c5421e95e4,SAND,147522.74
0xfc217c7f377225e3a6c5e78094674fbaea77a7ec,RNDR,472732.72
0xfc217c7f377225e3a6c5e78094674fbaea77a7ec,QNT,174706.86
0xcd531ae9efcce479654c4926dec5f6209531ca7b,USDC,4140836.60
0xcd531ae9efcce479654c4926dec5f6209531ca7b,MATIC,759418.73
0xcd531ae9efcce479654c4926dec5f6209531ca7b,AAVE,645945.82
0xcd531ae9efcce479654c4926dec5f6209531ca7b,MKR,589482.33
0xcd531ae9efcce479654c4926dec5f6209531ca7b,MANA,449407.52
0x17bd65505652d5d31b9adb1ac7b6f771db124cec,DNA,231032.02
0x17bd65505652d5d31b9adb1ac7b6f771db124cec,AMB,104499.05
0xe93381fb4c4f14bda253907b18fad305d799241a,HUSD,260738702.24
0xe93381fb4c4f14bda253907b18fad305d799241a,DYDX,52756780.17
0x6259d2c488bad8be7b953aa3529da267744a2db2,FET,443803.65
0x6259d2c488bad8be7b953aa3529da267744a2db2,AAVE,148598.91
0x753ee9b33466439ab49a625960e377a9768cca61,UNI,423420.69
0x753ee9b33466439ab49a625960e377a9768cca61,ENJ,225487.78
0x753ee9b33466439ab49a625960e377a9768cca61,BAT,207709.62
0x753ee9b33466439ab49a625960e377a9768cca61,ZRX,162925.12
0x20c785a5a3b6e7c47389f8ab4ac1328b95b67ef8,BAT,295986.68
0x20c785a5a3b6e7c47389f8ab4ac1328b95b67ef8,CVC,195831.25
0x20c785a5a3b6e7c47389f8ab4ac1328b95b67ef8,ZRX,121561.11
0xc97a4ed29f03fd549c4ae79086673523122d2bc5,SPC,169254.33
0xc97a4ed29f03fd549c4ae79086673523122d2bc5,KEEP,121227.67
0xc97a4ed29f03fd549c4ae79086673523122d2bc5,OMG,115846.14
0xc97a4ed29f03fd549c4ae79086673523122d2bc5,KAN,113001.90
0x702188aab6bd5412eb0104b2f92d6de23f4dcf1f,OXT,134894.00
0xab5c66752a9e8167967685f1450532fb96d5d24f,MANA,11195758.99
0xab5c66752a9e8167967685f1450532fb96d5d24f,OMG,6274342.79
0xab5c66752a9e8167967685f1450532fb96d5d24f,FAIR,3529509.70
0xb9ee1e551f538a464e8f8c41e9904498505b49b0,CET,4303360.74
0xb9ee1e551f538a464e8f8c41e9904498505b49b0,MANA,3188054.04
0xb9ee1e551f538a464e8f8c41e9904498505b49b0,DYDX,770215.51
0xb9ee1e551f538a464e8f8c41e9904498505b49b0,FTM,649552.13
0xb3f923eabaf178fc1bd8e13902fc5c61d3ddef5b,SHIB,2413234.56
0xb3f923eabaf178fc1bd8e13902fc5c61d3ddef5b,CHZ,1040614.14
0xf18d9a02390e392e6b480b4808b2d541b79af302,GNO,103689.56
0xfd7293c21adf59231b73d52cbe2a767e095107e8,BNT,142868.17
0xd42d8a936c3e1c7482ad2395c34a5bbc9ccbde56,QNT,112378.09
0x0e6ca73fb7162c5c186befb8e1fc96a5962cba80,SAND,623200.00
0x0e6ca73fb7162c5c186befb8e1fc96a5962cba80,NU,192981.58
0x0e6ca73fb7162c5c186befb8e1fc96a5962cba80,MANA,180957.25
0x4185e7fe1a43b93defbade7fa40b6730b22bd62a,REQ,178261.02
0xc6fb06a1db9c90883a1b1b124dff21143150730f,ENJ,571315.41
0xc6fb06a1db9c90883a1b1b124dff21143150730f,DATA,230326.28
0xc6fb06a1db9c90883a1b1b124dff21143150730f,MCO,185857.50
0xc6fb06a1db9c90883a1b1b124dff21143150730f,NMR,105605.53
0x7ccaec2e731523bbb767df79b05c751240e8b7f6,FTM,205859.98
0x7ccaec2e731523bbb767df79b05c751240e8b7f6,ENJ,113227.32
0xafc21529a638f2833c332bcffce568ba4a1adbcc,AKRO,271939.37
0xafc21529a638f2833c332bcffce568ba4a1adbcc,CHZ,250767.79
0xafc21529a638f2833c332bcffce568ba4a1adbcc,ENJ,172138.72
0xafc21529a638f2833c332bcffce568ba4a1adbcc,OM,122491.63
0xd38b547caad0975720a1d0dd5ec12b8a45d45c82,RLC,168097.02
0xd07fc011b3c9b912612b872f4d3dfaf22cd51bf1,ZRX,116996.49
0x73e8111dc03f668cd80b8b29fe9f7e7185d76e9b,MANA,326887.05
0xc62693d7ab506e21a08f37f750aca696b08c336d,SHIB,408599.82
0x7758e507850da48cd47df1fb5f875c23e3340c50,USDC,69871699.76
0x7758e507850da48cd47df1fb5f875c23e3340c50,ENJ,17394307.02
0x7758e507850da48cd47df1fb5f875c23e3340c50,MCO,14447109.11
0x0a60e164aa897ef76779164dff6e36161980c6fb,ELON,4973544.19
0x0a60e164aa897ef76779164dff6e36161980c6fb,SHIB,3112994.83
0x0a60e164aa897ef76779164dff6e36161980c6fb,ALICE,2189306.70
0x0a60e164aa897ef76779164dff6e36161980c6fb,ILV,2031196.22
0xa12431d0b9db640034b0cdfceef9cce161e62be4,AAVE,1094994.37
0xa12431d0b9db640034b0cdfceef9cce161e62be4,MESH,651950.65
0xa12431d0b9db640034b0cdfceef9cce161e62be4,BAT,261943.85
0x062337b43926947962d33c89a980ffb839d33dec,BAT,138601.29
0x83fac1a7b3fe88d0e124e89d57b7b862e6ec2593,MKR,139316.51
0xa178ff321335bb777a7e21a56376592f69556b9c,MANA,905397.79
0xa178ff321335bb777a7e21a56376592f69556b9c,OMG,178816.09
0x8d5bbd7ef30c0bfadec1add677233756296aa515,RNDR,122800.00
0xdd75cd55c1367b3d2d928c6181eea46999d24a72,REQ,1079467.87
0xdd75cd55c1367b3d2d928c6181eea46999d24a72,PYR,963729.16
0xdd75cd55c1367b3d2d928c6181eea46999d24a72,PAXG,384000.31
0xa803dfa6f7585d0d1812e641f178ff632725e546,MKR,209479.01
0x00502dd61ed5a5b54803cc3ff656a44fbea8131a,RLC,380459.74
0x5b5e6300b772f2f59ce9ca5defb78723d9cad998,BAT,134907.95
0x95151e4615c5c0924b918c85ad8d8a94d6644ab3,USDT,6668935.49
0x95151e4615c5c0924b918c85ad8d8a94d6644ab3,USDC,772995.35
0x95151e4615c5c0924b918c85ad8d8a94d6644ab3,MATIC,764670.18
0x95151e4615c5c0924b918c85ad8d8a94d6644ab3,FTM,599257.19
0x95151e4615c5c0924b918c85ad8d8a94d6644ab3,ENJ,288940.21
0x1234ae518477c762855de7d6ec21caa1955a2175,WBTC,283405.95
0x1234ae518477c762855de7d6ec21caa1955a2175,SAND,242475.73
0x1234ae518477c762855de7d6ec21caa1955a2175,MATIC,212390.89
0xb3226e4a2b0b78bc78d5f21047f54ab6890a64aa,ENJ,746881.44
0xb3226e4a2b0b78bc78d5f21047f54ab6890a64aa,CVC,186432.12
0xb3226e4a2b0b78bc78d5f21047f54ab6890a64aa,TRAC,160663.57
0xb3226e4a2b0b78bc78d5f21047f54ab6890a64aa,MATIC,141290.03
0xb32b0f6c3153a57bcd92fce726318d81d9923255,ENJ,118971.89
0x41ade1cd005741bd093b4df7391fdd8347dc42ee,WAX,377282.67
0x41ade1cd005741bd093b4df7391fdd8347dc42ee,FTM,283546.77
0x41ade1cd005741bd093b4df7391fdd8347dc42ee,MATIC,175625.46
0x41ade1cd005741bd093b4df7391fdd8347dc42ee,USDT,153947.75
0x41ade1cd005741bd093b4df7391fdd8347dc42ee,FUN,150935.71
0x03dfa016f970b7d4013cafad82c3c963fd3ea05f,BAT,130593.82
0xebb6c9c7059a55a0f66d9043b905975e9b9ecffb,SAND,256396.53
0x26fcbd3afebbe28d0a8684f790c48368d21665b5,stETH,7783015.40
0x7fe0431150e5a3cae279563742a9c99f3c94d63f,FTM,718100.36
0x7fe0431150e5a3cae279563742a9c99f3c94d63f,USDC,506820.80
0x7fe0431150e5a3cae279563742a9c99f3c94d63f,SAND,165925.42
0x4d246be90c2f36730bb853ad41d0a189061192d3,PERP,814902.20
0x4d246be90c2f36730bb853ad41d0a189061192d3,MANA,767009.38
0x4d246be90c2f36730bb853ad41d0a189061192d3,MATIC,644329.60
0x0cc3d0281fd7cb61876224d9f86d0bbafe3c4e7b,AAVE,210881.73
0xb51b1a85c3b142dc7f0a1c8f4f1c22b137ced74b,USDC,1352517.16
0x33e6182c23d68459b08c8be6232b1629c774e051,stETH,1071352.73
0x6f6e5d5684c17a4bb305f41db8cd6eef52c05ffd,CHZ,249863.22
0x8a40f6ec31e4fb3e65ea5ba2cb1dded9c8f192bb,stETH,122332.20
0x7141965edc908d61feebe07367a871acb7b700bb,LEND,825930.11
0x7141965edc908d61feebe07367a871acb7b700bb,MEDX,553257.88
0x7141965edc908d61feebe07367a871acb7b700bb,THETA,294135.74
0x7141965edc908d61feebe07367a871acb7b700bb,MANA,218533.89
0xf175e1bc1d730ff0d3678eef56c064b0064eaa56,RNDR,390553.25
0x5f18017a59c4133de38285fc92fad1a7cc9a5bfc,REQ,161565.40
0xf21ff2c0bd2c8db3aef5e0ef177065924cdb13f4,BAT,116112.22
0x0639556f03714a74a5feeaf5736a4a64ff70d206,USDT,1899892.60
0x0639556f03714a74a5feeaf5736a4a64ff70d206,SHIB,1111319.56
0x0639556f03714a74a5feeaf5736a4a64ff70d206,UNI,565014.50
0x0639556f03714a74a5feeaf5736a4a64ff70d206,SAND,398428.63
0xefbbb0509993ab9b751f9ab137c77c20e7273a97,USDC,300000.00
0xefbbb0509993ab9b751f9ab137c77c20e7273a97,MANA,276672.37
0xefbbb0509993ab9b751f9ab137c77c20e7273a97,BAND,186041.18
0x72550a5e445977fb9ce3378fc75ffea0c66c4d36,SHIB,453490.30
0x72550a5e445977fb9ce3378fc75ffea0c66c4d36,SAND,354185.33
0x72550a5e445977fb9ce3378fc75ffea0c66c4d36,MANA,115362.57
0x72550a5e445977fb9ce3378fc75ffea0c66c4d36,CHR,109466.79
0xb948548a983dc9cd437a8031ee3376acd7974ace,TRAC,111809.25
0x95163b57dd46dc9f792f7357efd116ca4c07fe8f,USDC,2130460.00
0x704486fc19e7cbd8d2405f94a3e4703cc1896d02,AAVE,594750.35
0x704486fc19e7cbd8d2405f94a3e4703cc1896d02,CHZ,207264.66
0xca6bce6f869fe4387a19e6049676f93060ec5512,ENJ,131328.00
0x599470d080a594742c05e0811920f2aec4e4ee2d,SHIB,135106.49
0x20e3a9cf9f2d4773de24fb50b1eff25fed70acc3,POLY,393136.88
0x20e3a9cf9f2d4773de24fb50b1eff25fed70acc3,TUSD,367631.36
0x20e3a9cf9f2d4773de24fb50b1eff25fed70acc3,GRT,296152.10
0x20e3a9cf9f2d4773de24fb50b1eff25fed70acc3,REN,211618.57
0x20e3a9cf9f2d4773de24fb50b1eff25fed70acc3,BAT,209150.33
0x593065a46a507dc0da5146020efc1476067aab8c,USDT,1381216.99
0x593065a46a507dc0da5146020efc1476067aab8c,NU,1375133.20
0x593065a46a507dc0da5146020efc1476067aab8c,PYR,1037686.38
0xd8a1763a3bfa8426d1af5172276b65d42e6f4041,ENJ,131458.41
0xe5d7ccc5fc3b3216c4dff3a59442f1d83038468c,SHIB,200487.98
0xe5d7ccc5fc3b3216c4dff3a59442f1d83038468c,OMG,103152.12
0x5c00129a92029fd396b4873db40da89d1c948e04,ENJ,105177.17
